ce_precision_macro,ce_recall_macro,ce_f1_macro,ce_precision_micro,ce_recall_micro,ce_f1_micro,ce_precision_example,ce_recall_example,ce_f1_example,ce_num_examples
0.11364544833929892,0.07248870956176719,0.07288422746827737,0.5517241367419738,0.4932562610919918,0.5208545258985666,0.42909561812660324,0.42627076341850073,0.426609746503246,590.0
