BLEU_1,BLEU_2,BLEU_3,BLEU_4,METEOR,ROUGE_L,CIDEr
0.4731166070409875,0.31029548964027515,0.2239759085983994,0.16874185392705113,0.2170635266874515,0.3807636951450944,0.5060396840807877
